time_s,A,B,C
0.000001,9.8,9.7,9.9
0.214133,9.8,9.7,9.9
0.442176,9.8,9.7,9.9
0.726728,9.8,9.7,9.9
0.957610,9.8,9.7,9.9
1.173945,9.8,9.7,9.9
1.405977,9.8,9.7,9.9
1.622609,9.8,9.7,9.9
1.882094,9.8,9.7,9.9
2.090216,9.8,9.7,9.9
2.306922,9.8,9.7,9.9
2.525578,9.7,9.7,9.9
2.789985,9.8,9.7,9.9
3.052823,9.8,9.7,9.9
3.271294,9.8,9.7,9.9
3.503216,9.8,9.7,9.9
3.752613,9.8,9.7,9.9
3.970912,9.8,9.7,9.9
4.263044,9.8,9.7,9.9
4.482178,9.8,9.7,9.9
4.731755,9.8,9.7,9.9
4.964055,9.8,9.7,9.9
5.181382,9.8,9.7,9.9
5.432986,9.8,9.7,9.9
5.682110,9.8,9.7,9.9
5.914409,9.8,9.7,9.9
6.125517,9.8,9.7,9.9
6.347223,9.8,9.7,9.9
6.601657,9.8,9.7,9.9
6.814888,9.8,9.7,9.9
7.032496,9.8,9.7,9.9
7.249230,9.8,9.7,9.9
7.481996,9.8,9.7,9.9
7.774796,9.8,9.7,9.9
8.004433,9.8,9.7,9.9
8.221389,9.8,9.7,9.8
8.425888,9.8,9.7,9.9
8.658250,9.8,9.7,9.9
8.923284,9.7,9.8,10.0
9.141172,10.3,9.7,9.9
9.359759,9.8,9.7,9.2
9.578591,9.9,9.7,10.1
9.795670,9.9,9.7,9.9
10.045452,9.9,9.8,9.9
10.276570,9.5,9.6,9.9
10.497090,9.9,9.6,9.8
10.744412,9.9,9.9,10.0
10.961120,10.4,9.9,10.0
11.231977,9.5,9.6,9.9
11.456258,10.3,9.9,10.0
11.673136,9.9,9.9,9.8
11.875691,9.7,9.7,9.3
12.092013,9.9,9.7,10.2
12.364335,9.7,9.7,9.8
12.574419,9.8,9.6,9.9
12.806912,9.9,9.8,9.9
13.023698,9.6,9.6,9.8
13.256187,9.9,9.8,10.0
13.519607,9.9,9.8,9.9
13.783323,9.7,9.7,9.9
13.999633,9.5,9.6,9.8
14.232419,9.1,9.3,9.7
14.449592,10.3,10.4,10.0
14.719617,9.4,9.9,10.0
14.934287,9.8,9.8,10.4
15.151064,9.7,9.7,9.5
15.368967,9.9,9.7,9.9
15.603252,9.9,9.8,9.9
15.863829,9.7,9.7,9.9
16.087788,9.8,9.6,9.8
16.306932,9.9,9.9,9.8
16.555263,9.8,9.7,9.8
16.771931,10.5,9.9,9.9
17.054381,8.8,9.3,9.7
17.268300,9.7,9.7,9.9
17.486508,9.8,9.7,9.9
17.719020,9.8,9.7,9.9
17.936872,9.8,9.7,9.9
18.203927,9.8,9.7,9.9
18.419032,9.8,9.7,9.9
18.636857,9.8,9.7,9.9
18.853072,9.8,9.7,9.9
19.057029,9.8,9.7,9.9
19.316110,9.8,9.7,9.9
19.538887,9.8,9.7,9.9
19.772006,9.8,9.7,10.5
19.990018,9.8,9.8,9.9
20.207580,9.7,9.7,9.9
20.477470,9.8,9.7,9.9
20.700322,9.8,9.7,9.9
20.918872,9.8,9.7,9.9
21.152742,9.8,9.7,9.9
21.370177,9.8,9.7,9.9
21.653717,9.8,9.7,9.9
21.871064,9.8,9.7,9.9
22.089610,9.4,9.7,10.0
22.305975,9.8,9.7,9.9
22.537319,9.8,9.7,9.9
22.826513,9.8,9.7,9.9
23.036333,9.7,9.7,9.9
23.270531,9.8,9.7,9.9
23.487156,9.6,9.5,9.8
23.749904,9.8,9.7,9.9
24.020048,9.8,9.7,9.9
24.231945,9.8,7.9,9.2
24.450446,10.1,10.0,10.1
24.668943,9.8,9.7,9.9
24.888271,9.6,9.6,9.9
25.146412,10.0,9.9,10.0
25.367610,9.4,9.5,9.7
25.586230,9.7,9.6,9.9
25.820116,9.7,9.5,9.8
26.037564,9.5,9.6,9.7
26.302308,10.1,9.9,10.0
26.531930,9.6,9.5,9.4
26.782150,9.4,9.4,9.9
26.997913,9.8,9.7,10.1
27.244932,9.5,9.5,9.7
27.508142,9.8,8.9,9.8
27.743270,10.1,10.0,10.4
27.963681,9.7,9.7,10.1
28.180804,9.4,9.4,9.7
28.397838,9.8,9.8,9.8
28.650954,9.3,9.2,10.1
28.863257,10.0,10.0,10.1
29.080802,9.4,9.4,9.8
29.297248,9.1,9.4,9.6
29.513846,10.0,9.5,9.7
29.803602,9.5,9.8,9.8
30.028950,9.8,9.8,10.0
30.232060,9.1,9.1,9.5
30.448131,9.6,9.6,10.0
30.682311,9.4,9.4,9.7
30.944382,10.1,10.0,10.0
31.161533,9.4,9.4,9.7
31.378403,9.9,9.2,9.6
31.596028,9.7,9.6,10.0
31.830877,9.9,9.3,9.7
32.116652,9.5,10.0,10.1
32.345852,10.0,9.4,9.6
32.562510,9.8,9.8,10.3
32.796582,9.8,10.2,10.5
33.029263,9.9,9.8,10.0
33.288587,9.8,9.6,10.1
33.527443,9.9,9.9,10.2
33.777463,9.9,9.6,9.7
34.009877,9.8,9.7,9.9
34.318874,9.8,9.7,9.9
34.538898,9.8,9.7,9.9
34.771096,9.8,9.7,9.9
34.986182,9.8,9.7,9.9
35.203943,9.8,9.7,9.9
35.457383,9.7,9.6,9.8
35.669909,9.9,9.7,9.8
35.887908,8.9,8.9,9.4
36.105793,10.3,10.7,10.5
36.338739,9.4,9.6,10.0
36.602821,9.3,9.7,9.9
36.825450,9.5,9.4,9.8
37.042839,9.9,9.7,10.0
37.276245,9.8,9.7,9.9
37.492675,9.8,9.7,9.9
37.787066,9.8,9.7,9.9
38.008360,9.8,9.7,9.9
38.224242,9.8,9.7,9.9
38.456388,9.8,9.7,9.9
38.674382,9.8,9.7,9.9
38.956210,9.8,9.7,9.9
39.185971,9.8,9.7,9.9
39.405595,9.8,9.7,9.9
39.640044,9.8,9.9,9.9
39.857837,9.8,10.0,9.9
40.145517,9.8,10.4,9.9
40.371440,9.8,9.7,9.9
40.588515,9.8,9.7,9.9
40.852095,9.8,9.7,9.9
41.085941,9.8,9.7,9.9
41.367034,9.8,9.7,9.9
41.584856,9.8,9.7,9.9
41.803040,9.8,9.7,9.9
42.038802,9.8,9.7,9.9
42.252495,9.8,9.7,9.9
42.506069,9.8,9.7,9.9
42.752241,9.8,9.7,9.9
42.971315,9.8,9.7,9.9
43.189526,9.8,9.7,9.9
43.405492,9.8,9.7,9.9
43.668344,9.8,9.7,9.9
43.888621,9.7,9.7,9.8
44.108172,9.8,9.7,9.9
44.325945,9.8,9.7,9.9
44.543986,9.8,9.7,9.8
44.848917,9.8,9.7,9.9
45.074072,9.8,9.7,9.9
45.294041,9.8,9.7,9.9
45.525927,9.8,9.7,9.9
45.847827,9.8,9.8,9.9
46.057642,9.7,9.7,9.9
46.274212,9.8,9.7,9.8
46.492987,9.8,9.7,9.9
46.743877,9.8,9.7,9.9
47.034233,9.8,9.7,9.9
47.240901,9.8,9.7,9.9
47.445102,9.8,9.7,9.9
47.661278,9.8,9.7,9.9
47.908666,9.8,9.7,9.9
48.172703,9.8,9.7,9.9
48.389439,9.8,9.7,9.9
48.607960,9.8,9.7,9.9
48.855119,9.8,9.7,9.9
49.089744,9.8,9.7,9.9
49.363941,9.7,9.7,9.9
49.586373,9.8,9.7,9.9
49.820100,9.8,9.7,9.9
50.037283,9.8,9.7,9.8
50.270225,9.8,9.7,9.9
50.541964,9.8,9.7,9.9
50.782786,9.8,9.7,9.9
51.000753,9.8,9.7,9.9
51.233350,9.8,9.7,9.9
51.453301,9.8,9.7,9.8
51.789981,9.8,9.7,9.9
52.028320,9.8,9.7,9.9
52.246357,9.8,9.7,9.9
52.557175,9.8,9.7,9.9
52.874495,9.8,9.7,9.9
53.111864,9.8,9.7,9.9
53.351485,9.8,9.7,9.9
53.576035,9.8,9.7,9.9
53.784831,9.8,9.7,9.9
54.003467,9.8,9.7,9.9
54.221105,9.8,9.7,9.9
54.453165,9.8,9.7,9.9
54.670790,9.8,9.7,9.9
54.890969,9.8,9.7,9.9
55.107936,9.8,9.7,9.8
55.327413,9.8,9.7,9.9
55.546380,9.8,9.7,9.9
55.763392,9.8,9.7,9.9
56.036970,9.8,9.7,9.9
56.264764,9.8,9.7,9.9
56.487622,9.8,9.7,9.9
56.746901,9.8,9.7,9.9
56.964769,9.8,9.7,9.9
57.219855,9.8,9.7,9.9
57.447729,9.8,9.7,9.9
57.667829,9.8,9.7,9.9
57.870252,9.8,9.7,9.9
58.087328,9.8,9.7,9.9
58.353411,9.8,9.7,9.9
58.567896,9.8,9.7,9.9
58.771380,9.8,9.7,9.8
58.988652,9.8,9.7,9.9
59.208673,9.7,9.7,9.9
59.500425,9.8,9.7,9.9
59.751795,9.8,9.7,9.9
59.970589,9.8,9.7,9.9
60.190240,9.8,9.7,9.9
60.423366,9.8,9.7,9.9
60.684365,9.8,9.7,9.9
60.889047,9.8,9.7,9.9
61.096234,9.8,9.7,9.9
61.304759,9.8,9.7,9.9
61.514653,9.8,9.7,9.9
61.781215,9.8,9.7,9.9
62.000892,9.8,9.7,9.9
62.234100,9.8,9.7,9.9
62.467488,9.8,9.7,9.9
62.701575,9.8,9.7,9.9
62.919655,9.8,9.7,9.9
63.152406,9.8,9.7,9.9
63.364614,9.8,9.7,9.9
63.599534,9.8,9.7,9.9
63.816238,9.8,9.7,9.9
64.021010,9.8,9.7,9.9
64.253525,9.8,9.7,9.8
64.470318,9.8,9.7,9.9
64.687851,9.8,9.7,9.9
64.904773,9.7,9.7,9.9
65.136411,9.8,9.7,9.9
65.376076,9.8,9.7,9.9
65.633051,9.8,9.7,9.9
65.840151,9.8,9.7,9.9
66.084147,9.8,9.7,9.9
66.296346,9.8,9.7,9.9
66.536202,9.8,9.7,9.9
66.784204,9.8,9.7,9.9
67.034237,9.8,9.7,9.9
67.270347,9.8,9.7,9.9
67.519682,9.8,9.7,9.9
67.783451,9.8,9.7,9.9
68.000986,9.8,9.7,9.9
68.233091,9.8,9.7,9.9
68.465786,9.8,9.7,9.9
68.684195,9.8,9.7,9.9
68.901579,9.8,9.7,9.9
69.134014,8.1,8.4,9.1
69.352037,10.1,9.5,9.7
69.600455,10.2,10.9,10.6
69.818469,10.2,10.0,10.2
70.035087,9.0,9.1,9.3
70.252042,10.3,11.0,10.8
70.470689,10.0,9.9,10.5
70.705984,9.5,9.5,9.7
70.923123,9.4,9.3,9.5
71.141652,9.9,9.9,9.5
71.359094,9.6,9.6,9.4
71.577138,9.8,9.7,10.0
71.809876,9.8,9.7,9.9
72.027153,9.8,9.7,9.9
72.260059,9.1,10.3,10.5
72.477771,9.8,9.7,10.0
72.693523,10.3,10.2,9.9
72.910832,10.2,9.7,9.7
73.116751,10.0,9.8,10.0
73.333911,9.3,9.2,9.4
73.552055,10.4,10.6,10.3
73.776964,9.5,9.5,8.7
74.000455,9.9,9.8,9.9
74.224960,9.8,9.7,9.9
74.434463,9.8,9.7,9.9
74.656387,9.7,9.7,9.9
74.881413,9.8,9.7,9.9
75.087838,9.7,9.7,9.9
75.320577,9.8,9.7,9.9
75.539106,9.8,9.7,9.9
75.777312,8.6,9.0,9.5
75.990955,9.9,9.8,10.5
76.274217,9.6,9.5,9.8
76.540992,10.1,9.9,9.9
76.784118,9.0,9.1,9.5
77.002108,9.9,9.9,9.5
77.224582,9.8,9.6,9.8
77.436597,10.5,10.3,10.4
77.704166,9.6,9.2,10.1
77.920178,9.8,9.6,9.9
78.153217,10.0,10.0,10.2
78.370727,9.7,10.4,10.4
78.589639,9.9,9.8,10.0
78.847100,10.1,9.9,10.0
79.071802,9.0,9.2,9.5
79.292530,10.1,9.9,9.7
79.508770,9.9,9.7,9.8
79.727259,10.1,9.8,9.8
79.989406,10.3,10.4,10.0
80.208297,9.7,9.7,9.9
80.428318,9.8,9.8,10.1
80.646321,9.8,8.8,9.6
80.864769,10.0,9.8,10.0
81.133309,9.9,9.7,9.9
81.350012,9.5,9.3,9.5
81.581370,9.9,9.1,9.3
81.800039,9.6,9.5,9.8
82.002459,9.7,9.7,10.0
82.275903,9.7,9.7,9.9
82.496969,9.8,9.7,9.8
82.746005,9.8,9.7,9.9
82.996185,9.8,9.5,9.6
83.214163,9.9,9.8,10.0
83.480495,9.8,9.7,9.9
83.696204,9.8,9.7,9.9
83.928906,9.8,9.7,9.8
84.146590,9.8,9.7,9.9
84.365020,9.7,9.7,9.9
84.627358,9.8,9.7,9.9
84.846875,9.8,9.7,9.9
85.079895,9.8,9.7,9.9
85.298492,9.8,9.7,9.9
85.517393,9.8,9.7,9.9
85.825018,9.8,9.7,9.9
86.044253,9.7,9.7,9.9
86.262621,9.8,9.7,9.9
86.496768,9.8,9.7,9.9
86.745829,9.8,9.7,9.9
87.021202,9.8,9.7,9.9
87.244135,9.8,9.7,9.9
87.460964,9.8,9.7,9.9
87.676966,9.8,9.7,9.9
87.910398,9.8,9.7,9.9
88.168839,9.8,9.7,9.9
88.423250,9.8,9.7,9.9
88.659174,9.8,9.7,9.9
88.923227,9.8,9.7,9.9
89.180752,9.8,9.7,9.9
89.433907,9.8,9.7,9.9
89.714320,9.8,9.7,9.9
89.947052,9.8,9.7,9.9
90.209996,9.8,9.7,9.9
90.431212,9.8,9.7,9.9
90.648744,9.8,9.7,9.9
90.866932,9.8,9.7,9.9
91.084563,9.8,9.7,9.9
91.355064,9.8,9.7,9.9
91.565744,9.8,9.7,9.9
91.784219,9.8,9.7,9.9
92.001321,9.8,9.7,9.9
92.232753,9.8,9.7,9.9
92.494409,9.8,9.7,9.9
92.747135,9.8,9.7,9.9
92.964207,9.8,9.7,9.9
93.198125,9.8,9.7,9.9
93.416854,9.8,9.7,9.9
93.687219,9.8,9.7,9.9
93.896305,9.8,9.7,9.9
94.116018,9.8,9.7,9.9
94.333654,9.8,9.7,9.9
94.549729,9.8,9.7,9.8
94.823904,9.8,9.7,9.9
95.047561,9.8,9.7,9.9
95.264398,9.8,9.7,9.9
95.483927,9.8,9.7,9.9
95.700875,9.8,9.7,9.9
95.965826,9.8,9.7,9.9
96.182872,9.8,9.7,9.9
96.432295,9.8,9.7,9.9
96.650799,9.7,9.7,9.9
96.884390,9.8,9.7,9.9
97.148098,9.8,9.7,9.9
97.365393,9.8,9.7,9.9
97.586577,9.8,9.7,9.9
97.804694,9.8,9.7,9.9
98.021059,9.8,9.7,9.9
98.290340,9.8,9.7,9.9
98.503029,9.8,9.7,9.9
98.752344,9.8,9.7,9.9
98.972228,9.8,9.7,9.9
99.191047,9.8,9.7,9.9
99.450246,9.8,9.7,9.9
99.672049,9.8,9.7,9.9
99.891256,9.8,9.7,9.9
100.110162,9.8,9.7,9.9
100.327578,10.1,9.5,9.8
100.596373,9.8,9.7,9.9
100.809116,9.8,9.7,9.9
101.028461,9.8,9.7,9.9
101.247077,9.8,9.7,9.8
101.478094,9.8,9.7,9.9
101.734745,9.7,9.7,9.9
101.959175,9.8,9.7,9.9
102.223296,9.8,9.7,9.9
102.440540,9.8,9.7,9.9
102.658701,9.8,9.7,9.9
102.931947,9.8,9.7,9.9
103.141122,9.8,9.7,9.9
103.388621,9.8,9.7,9.9
103.606457,9.8,9.7,9.9
103.809203,9.8,9.7,9.9
104.065165,9.8,9.7,9.9
104.291865,9.8,9.7,9.9
104.508845,9.7,9.7,9.9
104.758740,9.8,9.7,9.9
104.976917,9.8,9.7,9.9
105.247218,9.8,9.7,9.9
105.488676,9.8,9.7,9.9
105.751301,9.8,9.7,9.9
105.984811,9.8,9.7,9.9
106.202874,9.8,9.7,9.9
106.467725,9.8,9.7,9.9
106.685003,9.8,9.7,9.9
106.917363,9.8,9.7,9.9
107.137432,9.8,9.7,9.9
107.356223,9.8,9.7,9.9
107.608660,9.8,9.7,9.9
107.824449,9.8,9.7,9.9
108.041310,9.8,9.7,9.9
108.258427,9.8,9.7,9.9
108.478029,9.8,9.7,9.9
108.731862,9.8,9.7,9.9
108.959865,9.8,9.7,9.9
109.177637,9.8,9.7,9.9
109.409712,9.8,9.7,9.9
109.643360,9.8,9.7,9.9
109.892353,9.8,9.7,9.9
110.139311,9.8,9.7,9.9
110.356320,9.8,9.7,9.9
110.589601,9.8,9.7,9.9
110.854187,9.8,9.7,9.9
111.135675,9.8,9.7,9.9
111.352879,9.8,9.7,9.9
111.586500,9.8,9.7,9.9
111.801905,9.8,9.7,9.9
112.022360,9.8,9.7,9.9
112.278009,9.8,9.7,9.9
112.502283,9.8,9.7,9.9
112.765141,9.8,9.7,9.9
112.981950,9.8,9.7,9.9
113.215556,9.8,9.7,9.9
113.497043,9.8,9.7,9.9
113.760366,9.8,9.7,9.9
113.979229,9.8,9.7,9.9
114.211387,9.8,9.7,9.9
114.428662,9.8,9.7,9.8
114.701278,9.8,9.7,9.8
114.928494,9.8,9.7,9.9
115.143472,9.8,9.7,9.9
115.360950,9.8,9.7,9.9
115.577628,9.8,9.7,9.9
115.849408,9.8,9.7,9.9
116.064252,9.8,9.7,9.9
116.282177,9.8,9.7,9.9
116.530802,9.8,9.7,9.9
116.795564,9.8,9.7,9.9
117.079461,9.8,9.7,9.9
117.292504,9.7,9.7,9.9
117.555259,9.8,9.7,9.9
117.803362,9.8,9.7,9.9
118.109576,9.8,9.7,9.9
118.345461,9.8,9.7,9.9
118.565664,9.8,9.7,9.9
118.799120,9.8,9.7,9.9
119.015987,9.8,9.7,9.9
119.274683,9.7,9.7,9.9
119.496979,9.8,9.7,9.9
119.759824,9.7,9.7,9.9
119.976533,9.8,9.7,9.9
120.179962,9.8,9.7,9.9
120.435799,9.8,9.7,9.8
120.659707,9.8,9.7,9.9
120.877983,9.8,9.7,9.9
121.110981,9.8,9.7,9.9
121.326501,9.8,9.7,9.9
121.597019,9.8,9.7,9.9
121.823520,9.8,9.7,9.9
122.040749,9.8,9.7,9.9
122.273514,9.8,9.7,9.9
122.490102,9.8,9.7,9.9
122.801539,9.8,9.7,9.9
123.017050,9.8,9.7,9.9
123.235264,9.8,9.7,9.9
123.454490,9.8,9.7,9.9
123.671869,9.8,9.7,9.9
123.939758,9.8,9.7,9.9
124.184452,9.8,9.7,9.9
124.417586,9.8,9.7,9.9
124.635409,9.8,9.7,9.9
124.853338,9.8,9.7,9.9
125.122376,9.8,9.7,9.9
125.336727,9.8,9.7,9.9
125.554756,9.8,9.7,9.9
125.789057,9.8,9.7,9.9
126.024285,9.8,9.7,9.9
126.292961,9.8,9.7,9.9
126.506241,9.8,9.7,9.9
126.752489,9.8,9.7,9.9
126.968468,9.8,9.7,9.9
127.172676,9.8,9.7,9.9
127.428961,9.8,9.7,9.9
127.654926,9.8,9.7,9.9
127.873177,9.8,9.7,9.9
128.091211,9.8,9.7,9.9
128.308805,9.8,9.7,9.9
128.570529,9.8,9.7,9.9
128.792774,9.8,9.7,9.9
129.029049,9.7,9.7,9.9
129.246821,9.8,9.7,9.9
129.464058,9.8,9.7,9.9
129.742968,9.8,9.7,9.9
129.947573,9.8,9.7,9.9
130.165218,9.8,9.7,9.9
130.429574,9.8,9.7,9.9
130.647914,9.8,9.7,9.9
130.917822,9.8,9.7,9.9
131.129068,9.8,9.7,9.9
131.362909,9.8,9.7,9.9
131.581425,9.8,9.7,9.9
131.799040,9.8,9.7,9.9
132.076856,9.7,9.7,9.9
132.297758,9.8,9.7,9.9
132.545411,9.7,9.7,9.9
132.779012,9.8,9.7,9.9
132.995014,9.8,9.7,9.9
133.273051,9.8,9.7,9.9
133.493944,9.8,9.7,9.9
133.743725,9.8,9.7,9.9
133.960603,9.8,9.7,9.9
134.193712,9.8,9.7,9.8
134.462432,9.8,9.7,9.9
134.675958,9.8,9.7,9.9
134.891537,9.8,9.7,9.9
135.109847,9.8,9.7,9.9
135.328753,9.8,9.7,9.9
135.589907,9.8,9.7,9.9
135.809143,9.8,9.7,9.9
136.043459,9.8,9.7,9.9
136.261734,9.8,9.7,9.9
136.479707,9.7,9.7,9.9
136.822221,9.8,9.7,9.9
137.057232,9.8,9.7,9.9
137.259992,9.8,9.7,9.9
137.477293,9.8,9.7,9.9
137.710113,9.8,9.7,9.9
138.013304,9.8,9.7,9.9
138.225645,9.8,9.7,9.9
138.443143,9.7,9.7,9.9
138.660026,9.8,9.7,9.9
138.910071,9.8,9.7,9.9
139.166388,9.8,9.7,9.9
139.378941,9.8,9.7,9.9
139.595516,9.8,9.7,9.9
139.829086,9.8,9.7,9.9
140.060665,9.8,9.7,9.9
140.327992,9.7,9.7,9.9
140.543191,9.8,9.7,9.9
140.793397,9.8,9.7,9.9
141.010726,9.8,9.7,9.9
141.227420,9.8,9.7,9.9
141.492810,9.8,9.7,9.9
141.741752,9.8,9.7,9.9
141.973645,9.8,9.7,9.9
142.191724,9.8,9.7,9.9
142.427475,9.8,9.7,9.9
142.695496,9.8,9.7,9.9
142.908834,9.7,9.7,9.9
143.158722,9.8,9.7,9.9
143.375430,9.8,9.7,9.9
143.610035,9.8,9.7,9.9
143.870472,9.8,9.7,9.9
144.107512,9.8,9.7,9.8
144.340663,9.8,9.7,9.9
144.559831,9.7,9.7,9.9
144.794564,9.8,9.7,9.9
145.062433,9.7,9.7,9.9
145.266693,9.7,9.7,9.8
145.477634,9.8,9.7,9.9
145.773765,9.8,9.7,9.9
145.979478,9.8,9.7,9.9
146.238643,9.8,9.7,9.9
146.462614,9.8,9.7,9.9
146.680872,9.8,9.7,9.9
146.900683,9.7,9.6,9.8
147.117274,9.8,9.7,10.0
147.381582,9.7,9.6,9.8
147.599338,10.0,9.6,9.8
147.847921,9.9,9.7,9.9
148.065457,9.8,9.7,9.9
148.297511,9.7,9.7,9.8
148.577763,9.8,9.7,9.9
148.821477,9.8,9.7,9.9
149.054076,9.8,9.7,9.9
149.271689,9.8,9.7,9.9
149.487434,9.8,9.7,9.9
149.769506,9.8,9.7,9.8
149.985418,9.7,9.7,9.9
150.205300,9.8,9.8,10.1
150.469168,9.7,9.6,9.8
150.700109,9.8,9.6,9.9
150.992129,9.8,9.7,10.0
151.211734,9.7,9.7,9.9
151.429828,9.8,9.7,10.0
151.646198,9.8,9.6,9.8
151.894490,9.8,9.7,10.0
152.183510,9.8,9.7,9.9
152.394381,9.8,9.7,9.9
152.627701,9.8,9.7,9.9
152.843900,9.8,9.5,9.7
153.062823,9.9,9.7,10.0
153.322450,9.7,9.7,9.8
153.545551,9.8,9.7,9.8
153.779716,9.8,9.7,9.9
153.994640,9.8,9.7,9.9
154.212593,9.8,9.7,9.9
154.474778,9.8,9.7,9.9
154.692958,9.8,9.7,9.9
154.911243,9.8,9.7,9.9
155.143224,9.8,9.7,11.0
155.360737,8.6,8.9,9.6
155.629221,9.9,9.8,9.9
155.842056,9.8,9.7,9.9
156.074278,9.8,9.7,9.9
156.292089,9.7,9.7,9.9
156.508815,9.8,9.7,9.9
156.817504,9.8,9.7,9.9
157.063215,9.8,9.7,9.9
157.266960,9.8,9.7,9.9
157.484347,9.8,9.7,9.9
157.748647,9.8,9.7,9.9
158.008476,9.8,9.7,9.9
158.248587,9.8,9.7,9.9
158.480852,9.8,9.7,9.9
158.713963,9.8,9.7,9.9
158.917131,9.8,9.7,9.9
159.178346,9.8,9.7,9.9
159.387304,9.8,9.7,9.9
159.595156,9.8,9.7,9.9
159.855027,9.8,9.7,9.9
160.117011,9.8,9.7,9.9
160.438810,9.8,9.7,9.9
160.647775,9.8,9.7,9.9
160.897192,9.8,9.7,9.9
161.132140,9.8,9.7,9.9
161.348660,9.8,9.6,10.5
161.632495,9.8,9.6,9.8
161.862026,9.7,9.7,9.9
162.095308,9.7,9.7,9.9
162.343353,9.8,10.3,10.2
162.560926,9.7,9.6,9.8
162.838100,10.1,10.1,10.1
163.074087,10.5,10.3,9.5
163.309147,10.0,10.2,10.2
163.543757,9.9,9.7,9.9
163.776639,9.3,9.4,9.6
164.030774,9.3,9.3,9.7
164.244611,9.6,9.6,9.9
164.460764,9.8,9.6,10.0
164.726423,10.1,10.1,10.2
164.942976,9.2,9.3,9.7
165.214581,9.9,10.0,10.2
165.423815,10.1,9.9,10.0
165.641307,9.5,9.5,9.8
165.859512,10.3,10.0,10.1
166.079603,9.8,10.0,10.5
166.343474,9.6,9.6,9.2
166.548580,9.5,9.4,9.7
166.762482,10.0,10.0,10.1
166.994396,10.2,9.7,9.8
167.211972,9.8,9.1,9.7
167.473783,9.9,9.9,10.0
167.693948,10.0,9.9,9.9
167.912632,10.2,10.1,10.1
168.128108,10.3,9.8,10.0
168.362442,9.7,8.9,9.5
168.624692,9.9,10.1,10.4
168.842516,9.5,9.6,9.8
169.064265,9.4,9.4,9.8
169.280878,10.4,10.1,10.2
169.495014,9.9,10.4,10.3
169.780633,9.6,8.9,9.4
170.007238,10.0,9.9,10.1
170.224576,10.1,9.8,9.9
170.440612,10.0,9.9,10.1
170.659626,9.7,9.8,10.1
170.942081,9.8,9.2,9.6
171.175163,9.9,9.6,9.8
171.456471,10.0,9.7,9.9
171.672857,9.9,9.8,9.1
172.027790,9.6,9.6,9.3
172.262650,9.5,9.8,10.2
172.558653,9.9,9.6,10.6
172.849726,10.0,9.9,9.7
173.125988,10.1,9.9,10.0
173.337159,10.2,10.1,10.2
173.556236,10.3,10.2,10.2
173.789271,9.9,9.9,9.9
174.004837,9.7,9.7,9.9
174.262680,10.0,9.8,9.9
174.486990,9.8,9.7,9.8
174.719346,9.8,9.7,9.9
174.937420,9.8,9.7,9.9
175.169941,9.8,9.7,9.9
175.433900,9.8,9.7,9.9
175.654213,9.7,9.7,9.8
175.871285,9.8,9.7,9.9
176.106384,9.8,9.7,9.9
176.324340,9.8,9.7,9.8
176.586895,9.8,9.7,9.9
176.805093,9.8,9.7,9.9
177.021729,9.8,9.7,9.9
177.239754,9.8,9.7,9.9
177.442854,9.8,9.7,9.9
177.714597,9.8,9.7,9.9
177.931785,9.7,9.7,9.9
178.146390,9.8,9.7,9.9
178.363569,9.8,9.7,9.9
178.567477,9.8,9.7,9.9
178.843325,9.8,9.7,9.9
179.061131,9.8,9.7,9.9
179.293300,9.8,9.7,9.9
179.512560,9.8,9.7,9.9
179.776233,9.8,9.7,9.9
180.043182,9.8,9.7,9.9
180.258748,9.8,9.7,9.9
180.461763,9.8,9.7,9.9
180.675014,9.8,9.7,9.9
180.893796,9.8,9.7,9.9
181.151924,9.8,9.7,9.9
181.375028,9.8,9.7,9.9
181.592059,9.8,9.7,9.9
181.826548,9.8,9.7,9.9
182.044606,9.8,9.7,9.9
182.309517,9.8,9.7,9.9
182.527595,9.8,9.7,9.9
182.760979,9.8,9.7,9.9
182.996926,9.8,9.7,9.9
183.200278,9.8,9.7,9.9
183.474724,9.8,9.7,9.9
183.696175,9.8,9.7,9.9
183.913526,9.8,9.7,9.9
184.147041,9.8,9.7,9.9
184.363990,9.8,9.7,9.9
184.637361,9.7,9.7,9.9
184.863200,9.8,9.7,9.9
185.080769,9.8,9.7,9.9
185.313180,9.8,9.7,9.9
185.531835,9.8,9.7,9.9
185.841032,9.8,9.7,9.9
186.077103,9.8,9.7,9.9
186.342965,9.8,9.7,9.9
186.560622,9.8,9.7,9.9
186.792923,9.8,9.7,9.9
187.060485,9.8,9.7,9.9
187.276884,9.8,9.7,9.9
187.495297,9.8,9.8,9.9
187.744287,9.7,9.7,9.8
187.961991,9.8,9.7,9.9
188.217178,9.6,9.6,9.9
188.430743,9.8,9.7,9.9
188.650536,9.8,9.7,9.9
188.868790,9.8,9.7,9.9
189.087444,9.8,9.7,9.9
189.346092,9.8,9.7,9.9
189.555583,9.8,9.7,9.9
189.786470,9.8,9.7,9.9
190.016923,9.8,9.7,9.9
190.249472,9.8,9.7,9.9
190.510106,9.8,9.7,9.9
190.764040,9.8,9.7,9.9
191.011028,9.8,9.7,9.9
191.227684,9.7,9.7,9.9
191.459344,9.8,9.7,9.9
191.725528,9.8,9.7,9.9
191.943385,9.8,9.7,9.9
192.174187,9.8,9.7,9.9
192.391919,9.8,9.7,9.9
192.624229,9.8,9.7,9.9
192.889753,9.8,9.7,9.9
193.103234,9.8,9.7,9.8
193.305665,9.8,9.7,9.9
193.523205,9.8,9.7,9.9
193.786406,9.8,9.7,9.9
194.056120,9.8,9.7,9.9
194.268762,9.8,9.7,9.9
194.487138,9.8,9.7,9.9
194.703332,9.8,9.7,9.9
194.920451,9.8,9.7,9.9
195.182661,9.8,9.7,9.9
195.388725,9.8,9.7,9.9
195.623176,9.8,9.7,9.9
195.841032,9.8,9.7,9.9
196.074525,9.8,9.7,9.9
196.344147,9.8,9.7,9.9
196.557331,9.7,9.7,9.9
196.807749,9.8,9.7,9.9
197.023475,9.8,9.7,9.9
197.255430,9.8,9.7,9.8
197.524873,9.8,9.7,9.9
197.752552,9.8,9.7,9.9
197.970955,9.8,9.7,9.9
198.189184,9.8,9.7,9.9
198.406669,9.8,9.7,9.9
198.665168,9.8,9.7,9.9
198.888667,9.8,9.7,9.9
199.107268,9.8,9.7,9.9
199.356653,9.8,9.7,9.9
199.574028,9.8,9.7,9.9
199.844336,9.8,9.7,9.9
200.056134,9.8,9.7,9.9
200.273433,9.8,9.7,9.9
200.490883,9.8,9.7,9.9
200.693429,9.8,9.7,9.9
200.947495,9.8,9.7,9.9
201.175368,9.8,9.7,9.9
201.439248,9.8,9.7,9.9
201.671862,9.8,9.7,9.9
201.905476,9.8,9.7,9.9
202.189453,9.8,9.7,9.9
202.403567,9.8,9.7,9.9
202.634278,9.8,9.7,9.9
202.851821,9.8,9.7,9.9
203.055378,9.8,9.7,9.9
203.310621,9.8,9.7,9.9
203.535590,9.8,9.7,9.9
203.800165,9.8,9.7,9.9
204.034134,9.8,9.7,9.9
204.251662,9.8,9.7,9.9
204.514588,9.8,9.7,9.9
204.746486,9.8,9.7,9.9
204.962323,9.8,9.7,9.9
205.179270,9.8,9.7,9.9
205.385188,9.8,9.7,9.9
205.675442,9.8,9.7,9.9
205.896873,9.8,9.7,9.9
206.115607,9.8,9.7,9.9
206.333299,9.8,9.7,9.9
206.551321,9.8,9.7,9.9
206.837492,9.8,9.7,9.9
207.059576,9.8,9.7,9.9
207.282825,9.8,9.7,9.9
207.500059,9.8,9.7,9.9
207.750954,9.8,9.7,9.9
208.019525,9.8,9.7,9.9
208.232149,9.8,9.7,9.9
208.448653,9.8,9.7,9.9
208.665572,9.8,9.7,9.9
208.900791,9.8,9.7,9.9
209.218944,9.8,9.7,9.9
209.443370,9.8,9.7,9.9
209.658879,9.8,9.7,9.9
209.892120,9.8,9.7,9.9
210.107755,9.8,9.7,9.9
210.362904,9.8,9.7,9.9
210.589218,9.8,9.7,9.9
210.806325,9.8,9.7,9.9
211.055228,9.8,9.7,9.9
211.273335,9.8,9.7,9.8
211.545140,9.8,9.7,9.9
211.786182,9.8,9.7,9.9
212.001660,9.8,9.7,9.9
212.219942,9.8,9.7,9.9
212.438866,9.8,9.7,9.9
212.707727,9.8,9.7,9.9
212.920134,9.8,9.7,9.9
213.137793,9.8,9.7,9.9
213.356083,9.8,9.7,9.9
213.586300,9.8,9.7,9.9
213.850094,9.8,9.7,9.9
214.066952,9.8,9.7,9.9
214.301178,9.8,9.7,9.8
214.518874,9.8,9.7,9.9
214.783125,9.8,9.7,9.9
215.052031,9.8,9.7,9.9
215.270093,9.8,9.7,9.9
215.488299,9.8,9.7,9.9
215.706502,9.8,9.7,9.9
215.940628,9.8,9.7,9.9
216.194181,9.8,9.7,9.9
216.408951,9.8,9.7,9.9
216.625999,9.8,9.7,9.9
216.845817,9.8,9.7,9.9
217.063778,9.8,9.7,9.9
217.321952,9.8,9.7,9.9
217.544390,9.8,9.7,9.9
217.778138,9.8,9.7,9.9
217.981404,9.8,9.7,9.9
218.197060,9.8,9.7,9.9
218.465044,9.8,9.7,9.9
218.678163,9.8,9.7,9.9
218.895199,9.8,9.7,9.9
219.113407,9.8,9.7,9.9
219.364408,9.8,9.7,9.9
219.651900,9.8,9.7,9.9
219.879493,9.8,9.7,9.9
220.109810,9.8,9.7,9.9
220.326179,9.8,9.7,9.9
220.542614,9.8,9.7,9.9
220.845083,9.8,9.7,9.9
221.058635,9.8,9.7,9.9
221.262601,9.8,9.7,9.9
221.511635,9.8,9.7,9.8
221.759417,9.8,9.7,9.9
222.028278,9.8,9.7,9.9
222.259118,9.8,9.7,9.8
222.476902,9.8,9.7,9.9
222.753636,9.8,9.7,9.9
222.973118,9.8,9.7,9.9
223.242725,9.8,9.7,9.9
223.456821,9.8,9.7,9.9
223.666907,9.8,9.7,9.9
223.879098,9.8,9.7,9.9
224.095680,9.8,9.7,9.9
224.355262,9.8,9.7,9.9
224.577558,9.8,9.7,9.9
224.796755,9.8,9.7,9.9
225.014573,9.7,9.7,9.9
225.231349,9.8,9.7,9.9
225.494073,9.8,9.7,9.9
225.744864,9.8,9.7,9.9
225.950621,9.7,9.7,9.9
226.166367,9.8,9.7,9.9
226.382592,9.8,9.7,9.9
226.637570,9.8,9.7,9.9
226.850448,9.8,9.7,9.9
227.068232,9.8,9.7,9.9
227.286224,9.8,9.7,9.9
227.551911,9.8,9.7,9.9
227.836902,9.8,9.7,9.9
228.079226,9.7,9.7,9.9
228.296560,9.8,9.7,9.9
228.530228,9.8,9.7,9.9
228.855382,9.8,9.7,9.9
229.063147,9.8,9.7,9.9
229.295459,9.8,9.7,9.9
229.512922,9.8,9.7,9.9
229.745501,9.8,9.7,9.9
230.012150,9.8,9.7,9.9
230.228401,9.8,9.7,9.9
230.446198,9.8,9.7,9.9
230.661767,9.8,9.7,9.9
230.907923,9.8,9.7,9.9
231.185648,9.8,9.7,9.9
231.406539,9.8,9.7,9.9
231.624728,9.8,9.7,9.9
231.857312,9.8,9.7,9.9
232.075369,9.8,9.7,9.9
232.361297,9.8,9.7,9.9
232.588662,9.8,9.7,9.9
232.806079,9.8,9.7,9.9
233.023849,9.8,9.7,9.9
233.255935,9.8,9.7,9.9
233.519905,9.8,9.7,9.9
233.753847,9.8,9.7,9.9
233.999902,9.8,9.7,9.9
234.232479,9.8,9.7,9.9
234.448969,9.8,9.7,9.9
234.723173,9.8,9.7,9.9
234.931556,9.8,9.7,9.9
235.148148,9.8,9.7,9.9
235.364605,9.8,9.7,9.9
235.582591,9.8,9.7,9.9
235.862634,9.8,9.7,9.9
236.081309,9.8,9.7,9.9
236.313700,9.8,9.7,9.9
236.530628,9.8,9.7,9.9
236.797783,9.8,9.7,9.9
237.058839,9.8,9.7,9.9
237.276722,9.8,9.7,9.9
237.492795,9.8,9.7,9.9
237.759039,9.8,9.7,9.9
237.977028,9.8,9.7,9.9
238.250703,9.8,9.7,9.9
238.460579,9.8,9.7,9.9
238.664684,9.8,9.7,9.9
238.883534,9.8,9.7,9.9
239.100831,9.8,9.7,9.9
239.370859,9.8,9.7,9.9
239.582788,9.8,9.7,9.9
239.802859,9.8,9.7,9.9
240.021895,9.8,9.7,9.9
240.240942,9.8,9.7,9.9
240.493270,9.8,9.7,9.9
240.754255,9.8,9.7,9.9
240.969972,9.8,9.7,9.9
241.202372,9.8,9.7,9.9
241.434611,9.8,9.7,9.9
241.706996,9.8,9.7,9.9
241.932563,9.8,9.7,9.9
242.150602,9.8,9.7,9.9
242.366929,9.8,9.7,9.9
242.584380,9.8,9.7,9.9
242.856318,9.8,9.7,9.9
243.082599,9.8,9.7,9.9
243.299996,9.8,9.7,9.9
243.563997,9.8,9.7,9.9
243.812729,9.8,9.7,9.9
244.093798,9.8,9.7,9.9
244.309607,9.8,9.7,9.9
244.545553,9.8,9.7,9.9
244.794635,9.8,9.7,9.9
245.011264,9.8,9.7,9.9
245.278796,9.8,9.7,9.9
245.525956,9.8,9.7,9.9
245.775344,9.8,9.7,9.8
246.008033,9.8,9.7,9.9
246.289874,9.8,9.7,9.9
246.505446,9.8,9.7,9.9
246.754214,9.8,9.7,9.9
246.988922,9.8,9.7,9.9
247.205727,9.8,9.7,9.9
247.469853,9.8,9.7,9.9
247.689726,9.8,9.7,9.9
247.907268,9.8,9.7,9.9
248.125135,9.8,9.7,9.8
248.341614,9.8,9.7,9.9
248.595650,9.8,9.7,9.9
248.807839,9.8,9.7,9.9
249.025143,9.8,9.7,9.9
249.242484,9.8,9.7,9.9
249.474563,9.8,9.7,9.9
249.742477,9.8,9.7,9.9
249.955442,9.8,9.7,9.9
250.187541,9.8,9.7,9.9
250.420010,9.8,9.7,9.9
250.634158,9.8,9.7,9.8
250.902944,9.8,9.7,9.9
251.145179,9.8,9.7,9.9
251.362626,9.8,9.7,9.9
251.596238,9.8,9.7,9.9
251.828933,9.8,9.7,9.9
252.084586,9.8,9.7,9.9
252.323855,9.8,9.7,9.9
252.557552,9.8,9.7,9.9
252.790506,9.8,9.7,9.9
253.009365,9.8,9.7,9.9
253.264229,9.8,9.7,9.9
253.504412,9.8,9.7,9.9
253.752956,9.8,9.7,9.9
253.969012,9.8,9.7,9.9
254.215949,9.8,9.7,9.9
254.481152,9.8,9.7,9.9
254.695676,9.8,9.7,9.9
254.913122,9.8,9.7,9.9
255.144853,9.8,9.7,9.9
255.376375,9.8,9.7,9.9
255.664793,9.8,9.7,9.9
255.887150,9.8,9.7,9.8
256.122246,9.8,9.7,9.9
256.338085,9.8,9.7,9.9
256.602706,9.8,9.7,9.9
256.869303,9.8,9.7,9.9
257.082676,9.8,9.7,9.9
257.348601,9.8,9.7,9.9
257.565361,9.7,9.7,9.9
257.800431,9.8,9.7,9.9
258.061513,9.8,9.7,9.9
258.283709,9.8,9.7,9.9
258.534286,9.8,9.7,9.9
258.796905,9.8,9.7,9.9
259.071583,9.8,9.7,9.9
259.358274,9.8,9.7,9.9
259.622776,9.8,9.7,9.9
259.840777,9.8,9.7,9.9
260.125723,9.8,9.7,9.9
260.353037,9.8,9.7,9.9
260.570563,9.8,9.7,9.9
260.802018,9.8,9.7,9.9
261.022605,9.8,9.7,9.9
261.297057,9.8,9.7,9.9
261.505196,9.8,9.7,9.9
261.752291,9.8,9.7,9.9
261.984520,9.8,9.7,9.9
262.218751,9.8,9.7,9.9
262.489047,9.8,9.7,9.9
262.748071,9.8,9.7,9.9
263.011382,9.8,9.7,9.9
263.229917,9.8,9.7,9.9
263.446186,9.8,9.7,9.9
263.707938,9.8,9.7,9.9
263.927573,9.7,9.7,9.9
264.145521,9.8,9.7,9.9
264.362920,9.8,9.7,9.9
264.580816,9.8,9.7,9.9
264.849079,9.8,9.7,9.9
265.064122,9.8,9.7,9.9
265.281692,9.8,9.7,9.8
265.498754,9.8,9.7,9.9
265.745999,9.8,9.7,9.9
266.018267,9.8,9.7,9.9
266.231342,9.8,9.7,9.9
266.464328,9.8,9.7,9.9
266.678898,9.8,9.7,9.9
266.897059,9.8,9.7,9.9
267.160764,9.8,9.7,9.9
267.378729,9.8,9.7,9.9
267.597290,9.8,9.7,9.9
267.828852,9.8,9.7,9.9
268.048321,9.8,9.7,9.9
268.308099,9.8,9.7,9.9
268.532638,9.8,9.7,9.9
268.779885,9.8,9.7,9.9
268.997183,9.8,9.7,9.9
269.214271,9.8,9.7,9.9
269.528889,9.8,9.7,9.9
269.760677,9.8,9.7,9.9
270.008762,9.8,9.7,9.9
270.241802,9.8,9.7,9.9
270.516293,9.8,9.7,9.9
270.755980,9.7,9.7,9.9
270.989374,9.8,9.7,9.9
271.205101,9.8,9.7,9.9
271.421655,9.8,9.7,9.9
271.679966,9.8,9.7,9.9
271.902889,9.8,9.7,9.9
272.121514,9.8,9.7,9.9
272.341026,9.8,9.7,9.9
272.558688,9.8,9.7,9.9
272.846261,9.8,9.7,9.9
273.055206,9.8,9.7,9.9
273.258813,9.8,9.7,9.9
273.491528,9.8,9.7,9.9
273.708150,9.8,9.7,9.9
273.970331,9.8,9.7,9.9
274.188347,9.8,9.7,9.9
274.405584,9.8,9.7,9.9
274.610199,9.8,9.7,9.9
274.827752,9.8,9.7,9.9
275.087030,9.8,9.7,9.9
275.310883,9.8,9.7,9.9
275.529262,9.8,9.7,9.9
275.762098,9.8,9.7,9.9
275.978032,9.8,9.7,9.9
276.238473,9.8,9.7,9.9
276.458425,9.8,9.7,9.9
276.689423,9.8,9.7,9.9
276.921489,9.8,9.7,9.9
277.168369,9.8,9.7,9.9
277.433367,9.8,9.7,9.9
277.667001,9.8,9.7,9.9
277.870578,9.8,9.7,9.9
278.087700,9.8,9.7,9.9
278.305157,9.8,9.7,9.9
278.558517,9.8,9.7,9.9
278.789732,9.8,9.7,9.9
279.005412,9.8,9.7,9.9
279.224182,9.8,9.7,9.9
279.426299,9.8,9.7,9.9
279.686423,9.8,9.7,9.9
279.907731,9.8,9.7,9.9
280.122587,9.8,9.7,9.9
280.336461,9.8,9.7,9.9
280.557991,9.8,9.7,9.9
280.828189,9.8,9.7,9.9
281.052394,9.8,9.7,9.9
281.269536,9.8,9.7,9.9
281.501894,9.8,9.7,9.9
281.765509,9.8,9.7,9.9
282.036422,9.8,9.7,9.9
282.249480,9.8,9.7,9.9
282.466821,9.8,9.7,9.9
282.682790,9.8,9.7,9.9
282.899726,9.8,9.7,9.9
283.174923,9.8,9.7,9.9
283.398290,9.8,9.7,9.9
283.618672,9.8,9.7,9.9
283.853174,9.8,9.7,9.9
284.069650,9.8,9.7,9.9
284.338554,9.8,9.7,9.8
284.553328,9.7,9.6,9.8
284.802439,9.8,9.7,9.9
285.019737,9.8,9.7,9.9
285.252653,9.8,9.7,9.9
285.515311,9.8,9.7,9.9
285.751719,9.8,9.7,9.9
285.983123,9.8,9.7,9.9
286.198847,9.8,9.7,9.9
286.416111,9.8,9.7,9.9
286.678719,9.8,9.7,9.9
286.898914,9.9,9.8,9.9
287.115416,9.9,9.7,9.9
287.333048,9.8,9.7,9.9
287.566651,9.8,9.7,9.9
287.843912,9.4,9.3,9.6
288.064256,9.8,9.7,9.8
288.280757,9.8,9.6,9.9
288.514248,9.8,9.8,10.0
288.748038,10.0,10.1,10.1
289.001426,9.3,9.6,9.7
289.215169,9.6,9.7,9.9
289.432724,9.6,9.7,9.8
289.651258,9.8,9.7,9.9
289.882993,9.9,9.8,9.9
290.142900,9.7,9.6,9.8
290.364900,9.9,9.7,10.0
290.583665,9.6,9.7,10.3
290.800557,9.8,9.6,9.8
291.016772,9.8,9.7,9.8
291.267123,9.9,9.9,9.9
291.495751,9.8,9.6,9.8
291.757685,9.7,9.6,9.8
291.975103,10.0,9.8,10.0
292.207777,10.1,9.6,9.8
292.511513,9.7,9.8,9.8
292.768348,9.5,9.5,9.7
292.985931,9.7,9.8,10.1
293.218423,9.8,9.7,9.6
293.436895,9.8,9.7,9.8
293.681810,9.7,9.7,10.0
293.964901,9.7,9.8,9.9
294.215071,9.8,9.7,9.9
294.432478,9.8,9.7,9.9
294.702155,9.8,9.7,9.9
294.915175,9.8,9.7,9.8
295.129931,9.8,9.7,9.9
295.349912,9.8,9.7,9.8
295.552226,9.8,9.7,9.9
295.820903,9.8,9.7,9.9
296.065337,9.8,9.7,9.9
296.284169,9.8,9.7,9.9
296.500224,9.8,9.7,9.9
296.764550,9.8,9.7,9.9
297.026714,9.8,9.7,9.9
297.264243,9.8,9.7,9.9
297.497351,9.8,9.7,9.9
297.746917,9.8,9.7,9.9
297.963532,9.8,9.7,9.9
298.217632,9.8,9.7,9.9
298.427276,9.7,9.7,9.9
298.649338,9.8,9.7,9.9
298.867658,9.7,9.7,9.9
299.083168,9.8,9.7,9.9
299.354955,9.8,9.7,9.9
299.566424,9.8,9.7,9.8
299.798451,9.8,9.7,9.9
300.017117,9.8,9.7,9.9
300.221070,9.8,9.7,9.9
300.475669,9.8,9.7,9.9
300.700044,9.8,9.7,9.9
300.916685,9.8,9.7,9.9
301.148827,9.8,9.7,9.9
301.365506,9.8,9.7,9.9
301.614144,9.8,9.7,9.9
301.846819,9.8,9.7,9.9
302.065184,9.8,9.7,9.9
302.286810,9.8,9.7,9.9
302.503641,9.8,9.7,9.9
302.799715,9.8,9.7,9.9
303.034392,9.8,9.7,9.9
303.252584,9.8,9.7,9.9
303.467656,9.8,9.7,9.9
303.717330,9.8,9.7,9.9
303.976950,9.8,9.7,9.9
304.199919,9.8,9.7,9.9
304.426000,9.8,9.7,9.9
304.665408,9.8,9.7,9.9
304.898842,9.8,9.7,9.9
305.167581,9.8,9.7,9.9
305.380100,9.8,9.7,9.9
305.583871,9.8,9.7,9.9
305.800397,9.8,9.7,9.9
306.064822,9.8,9.7,9.9
306.322821,9.7,9.7,9.8
306.547856,9.8,9.7,9.9
306.796814,9.8,9.7,9.9
307.014674,9.8,9.7,9.9
307.234549,9.8,9.7,9.9
307.486359,9.8,9.7,9.9
307.749839,9.7,9.7,9.9
307.967986,9.7,9.7,9.9
308.185188,9.8,9.7,9.9
308.404251,9.8,9.7,9.9
308.668715,9.8,9.7,9.9
308.886689,9.8,9.7,9.9
309.090352,9.8,9.7,9.9
309.306374,9.9,9.8,9.9
309.526174,9.9,9.8,9.9
309.827390,9.8,9.7,9.9
310.055060,9.8,9.7,9.9
310.302868,9.7,9.7,9.9
310.520536,9.8,9.7,9.9
310.785364,9.8,9.7,9.9
311.050115,9.8,9.7,9.9
311.267440,8.9,9.0,9.4
311.485692,9.8,9.9,10.1
311.702571,9.8,9.7,9.9
311.922160,9.7,9.7,9.9
312.181521,9.8,9.7,9.9
312.402655,9.8,9.7,9.9
312.618903,9.8,9.7,9.8
312.821927,9.8,9.7,9.9
313.039092,9.8,9.7,9.9
313.306261,9.8,9.7,9.9
313.520095,9.8,9.7,9.9
